abundancia,Alegria
acabalar,Alegria
acallar,Alegria
acatar,Alegria
acción,Alegria
aceptable,Alegria
aceptación,Alegria
acicate,Alegria
aclamación,Alegria
aclamar,Alegria
acogedor,Alegria
acoger,Alegria
acomodadamente,Alegria
acuciar,Alegria
acucioso,Alegria
adecuar,Alegria
adicto,Alegria
admirable,Alegria
admirablemente,Alegria
admiración,Alegria
admirar,Alegria
admitir,Alegria
adorable,Alegria
adorablemente,Alegria
adoración,Alegria
adorador,Alegria
adorar,Alegria
afable,Alegria
afán,Alegria
afectivo,Alegria
afecto,Alegria
afectuosamente,Alegria
afectuosidad,Alegria
afectuoso,Alegria
afervorizar,Alegria
afición,Alegria
aficionar,Alegria
afortunadamente,Alegria
afortunado,Alegria
agradable,Alegria
agradar,Alegria
agradecer,Alegria
agradecido,Alegria
agudeza,Alegria
aguzar,Alegria
ahínco,Alegria
ahíto,Alegria
airoso,Alegria
alabar,Alegria
alborozar,Alegria
alborozo,Alegria
alegrar,Alegria
alegre,Alegria
alegremente,Alegria
alegría,Alegria
alentar,Alegria
aliviar,Alegria
alivio,Alegria
allegar,Alegria
alma,Alegria
altivo,Alegria
altruismo,Alegria
alzar,Alegria
amabilidad,Alegria
amable,Alegria
amablemente,Alegria
amante,Alegria
amar,Alegria
amartelado,Alegria
amartelar,Alegria
amativo,Alegria
amatorio,Alegria
ambición,Alegria
ambicioso,Alegria
amigabilidad,Alegria
amigable,Alegria
amigablemente,Alegria
amigo,Alegria
amistad,Alegria
amistosamente,Alegria
amistoso,Alegria
amor,Alegria
amorosamente,Alegria
amorosidad,Alegria
amoroso,Alegria
amuleto,Alegria
anhelo,Alegria
animación,Alegria
animado,Alegria
animar,Alegria
ánimo,Alegria
animoso,Alegria
anticipar,Alegria
apaciguar,Alegria
apasionadamente,Alegria
apasionamiento,Alegria
apasionante,Alegria
apego,Alegria
apetecer,Alegria
aplaudir,Alegria
aplauso,Alegria
apreciar,Alegria
aprobación,Alegria
aprobar,Alegria
aprobatorio,Alegria
aquietar,Alegria
ardiente,Alegria
ardor,Alegria
armonía,Alegria
arreglar,Alegria
arrobo,Alegria
arrojo,Alegria
asombro,Alegria
atracción,Alegria
atractivo,Alegria
atraer,Alegria
atrayente,Alegria
atrayentemente,Alegria
autocomplacencia,Alegria
autorización,Alegria
autorrespeto,Alegria
autosatisfacción,Alegria
autosatisfecho,Alegria
autosuficiencia,Alegria
ávido,Alegria
avivar,Alegria
benefactor,Alegria
beneficencia,Alegria
beneficiado,Alegria
beneficiar,Alegria
beneficio,Alegria
beneficiosamente,Alegria
beneficioso,Alegria
benéfico,Alegria
beneplácito,Alegria
benévolamente,Alegria
benevolencia,Alegria
benevolente,Alegria
benévolo,Alegria
benignamente,Alegria
benigno,Alegria
bien,Alegria
bienandanza,Alegria
bienaventurado,Alegria
bienaventuranza,Alegria
bienestar,Alegria
bienhechor,Alegria
bienquerencia,Alegria
bienquerer,Alegria
bizbirondo,Alegria
blando,Alegria
blandura,Alegria
bondad,Alegria
bondadosamente,Alegria
bondadoso,Alegria
bonhomía,Alegria
brillante,Alegria
brío,Alegria
brioso,Alegria
bromear,Alegria
bueno,Alegria
bullanguero,Alegria
bullicioso,Alegria
burla,Alegria
burlar,Alegria
cabal,Alegria
calidez,Alegria
cálido,Alegria
caliente,Alegria
calmado,Alegria
calor,Alegria
calurosamente,Alegria
camaradería,Alegria
campante,Alegria
captivar,Alegria
capturar,Alegria
carcajada,Alegria
caridad,Alegria
cariño,Alegria
cariñosamente,Alegria
cariñoso,Alegria
caritativo,Alegria
cautivador,Alegria
cautivadoramente,Alegria
cautivar,Alegria
celebrar,Alegria
celo,Alegria
celosamente,Alegria
celoso,Alegria
chancear,Alegria
chanza,Alegria
chotear,Alegria
choteo,Alegria
chulear,Alegria
clemente,Alegria
cogida,Alegria
cogollo,Alegria
colmar,Alegria
colosal,Alegria
cómodamente,Alegria
comodidad,Alegria
cómodo,Alegria
compañerismo,Alegria
compasión,Alegria
compasivo,Alegria
compatibilidad,Alegria
compatible,Alegria
compatiblemente,Alegria
compensación,Alegria
complacencia,Alegria
complacer,Alegria
complacible,Alegria
complacido,Alegria
complaciente,Alegria
comprensivo,Alegria
concernir,Alegria
condescender,Alegria
condescendiente,Alegria
condimento,Alegria
condolencia,Alegria
confiado,Alegria
confirmación,Alegria
confirmar,Alegria
confort,Alegria
confortable,Alegria
confortablemente,Alegria
confortación,Alegria
confortador,Alegria
confortar,Alegria
confraternidad,Alegria
congeniar,Alegria
congraciar,Alegria
congratular,Alegria
conmiseración,Alegria
conmover,Alegria
conquista,Alegria
consenso,Alegria
consentimiento,Alegria
consideración,Alegria
considerar,Alegria
consolación,Alegria
consolador,Alegria
consolar,Alegria
consuelo,Alegria
consumar,Alegria
contemporizar,Alegria
contentar,Alegria
contento,Alegria
copiosidad,Alegria
copioso,Alegria
corazón,Alegria
cordial,Alegria
cordialidad,Alegria
cordialmente,Alegria
cortesía,Alegria
cosquillear,Alegria
cosquilleo,Alegria
crecer,Alegria
cuidar,Alegria
culminación,Alegria
culto,Alegria
cumplido,Alegria
cumplimentar,Alegria
cumplir,Alegria
decorativo,Alegria
dedicar,Alegria
deferencia,Alegria
deleitar,Alegria
deléitese,Alegria
delicadeza,Alegria
delicado,Alegria
delicia,Alegria
desagraviar,Alegria
desahogo,Alegria
desear,Alegria
desempeñar,Alegria
desempeño,Alegria
desenvoltura,Alegria
deseoso,Alegria
despenar,Alegria
despertar,Alegria
despreocupación,Alegria
devoción,Alegria
devoto,Alegria
dicha,Alegria
dichosamente,Alegria
dichoso,Alegria
dignificar,Alegria
dilección,Alegria
disfrutar,Alegria
disfrute,Alegria
divertidamente,Alegria
divertidísimamente,Alegria
divertido,Alegria
divertir,Alegria
divinizar,Alegria
divino,Alegria
donaire,Alegria
dulce,Alegria
dulzura,Alegria
edificante,Alegria
edificar,Alegria
efusión,Alegria
efusivamente,Alegria
efusivo,Alegria
ejemplo,Alegria
elección,Alegria
elegante,Alegria
elevar,Alegria
elogio,Alegria
embebecer,Alegria
embelesar,Alegria
embeleso,Alegria
embobar,Alegria
emborrachar,Alegria
embriagar,Alegria
embromar,Alegria
embrujar,Alegria
embrujo,Alegria
emoción,Alegria
emocionante,Alegria
emocionar,Alegria
emotivo,Alegria
empatía,Alegria
empático,Alegria
empeño,Alegria
enaltecer,Alegria
enamoramiento,Alegria
enamorar,Alegria
encalmar,Alegria
encantado,Alegria
encantador,Alegria
encanto,Alegria
encomiar,Alegria
endiosar,Alegria
energía,Alegria
engrandecer,Alegria
ennoblecer,Alegria
enorgullecer,Alegria
enternecimiento,Alegria
entraña,Alegria
entrañable,Alegria
entrar,Alegria
entregar,Alegria
entusiasmado,Alegria
entusiasmar,Alegria
entusiasmo,Alegria
entusiasta,Alegria
erótico,Alegria
espectacular,Alegria
esperanza,Alegria
esperanzado,Alegria
espléndido,Alegria
estimar,Alegria
estimulante,Alegria
estimular,Alegria
estremecer,Alegria
estupendo,Alegria
euforia,Alegria
eufórico,Alegria
euforizante,Alegria
exaltar,Alegria
excelente,Alegria
excitante,Alegria
excitar,Alegria
exhortar,Alegria
éxito,Alegria
expansivo,Alegria
expectación,Alegria
expectativa,Alegria
explosión,Alegria
expresión,Alegria
extasiante,Alegria
extasiar,Alegria
extenso,Alegria
exuberante,Alegria
exuberantemente,Alegria
exultar,Alegria
familiar,Alegria
familiaridad,Alegria
fantasía,Alegria
fascinación,Alegria
fascinado,Alegria
fascinante,Alegria
fascinar,Alegria
fasto,Alegria
fastuoso,Alegria
fausto,Alegria
favor,Alegria
favorable,Alegria
favorablemente,Alegria
favorecedor,Alegria
favorecimiento,Alegria
felicidad,Alegria
felicitar,Alegria
feliz,Alegria
felizmente,Alegria
feraz,Alegria
fervor,Alegria
fervoroso,Alegria
festivo,Alegria
fetiche,Alegria
fibra,Alegria
fidelidad,Alegria
fiebre,Alegria
fiel,Alegria
fiesta,Alegria
fijar,Alegria
filantropo,Alegria
final,Alegria
fino,Alegria
flechar,Alegria
florecer,Alegria
fogosidad,Alegria
fraternidad,Alegria
fraternizar,Alegria
furor,Alegria
gala,Alegria
gana,Alegria
ganar,Alegria
generosidad,Alegria
generoso,Alegria
genial,Alegria
gloria,Alegria
gloriar,Alegria
glorificar,Alegria
goce,Alegria
gozar,Alegria
gozo,Alegria
gozosamente,Alegria
gozoso,Alegria
gracia,Alegria
gracioso,Alegria
grande,Alegria
grandioso,Alegria
gratificador,Alegria
gratificante,Alegria
gratificar,Alegria
gratis,Alegria
grato,Alegria
guasa,Alegria
gustar,Alegria
gusto,Alegria
gustoso,Alegria
halagar,Alegria
halagüeño,Alegria
hartar,Alegria
hechizar,Alegria
hechizo,Alegria
hermandad,Alegria
hilarante,Alegria
hilarantemente,Alegria
hilaridad,Alegria
hipnotizar,Alegria
holgura,Alegria
honorable,Alegria
honrar,Alegria
honrosamente,Alegria
hospitalario,Alegria
hospitalidad,Alegria
humanidad,Alegria
humanitarismo,Alegria
humor,Alegria
identificar,Alegria
idilio,Alegria
ilusionadamente,Alegria
ilusionar,Alegria
impactar,Alegria
ímpetu,Alegria
impetuosidad,Alegria
impresionar,Alegria
impulsar,Alegria
inclinación,Alegria
inmortalizar,Alegria
inspirar,Alegria
interés,Alegria
intoxicante,Alegria
jacarero,Alegria
jarana,Alegria
jocoso,Alegria
jocundo,Alegria
jovial,Alegria
júbilo,Alegria
jubilosamente,Alegria
jubiloso,Alegria
juerga,Alegria
laudable,Alegria
leal,Alegria
lealtad,Alegria
ledamente,Alegria
lenificar,Alegria
lenizar,Alegria
levantar,Alegria
libre,Alegria
lisonjero,Alegria
llenar,Alegria
loable,Alegria
lograr,Alegria
lucro,Alegria
macanudo,Alegria
magia,Alegria
magnetizar,Alegria
magnifíco,Alegria
magno,Alegria
majo,Alegria
maravillar,Alegria
maravillosamente,Alegria
mejorar,Alegria
meloso,Alegria
miramiento,Alegria
mirar,Alegria
misericordia,Alegria
mitigar,Alegria
mollar,Alegria
motivar,Alegria
mover,Alegria
oferta,Alegria
opimo,Alegria
opíparo,Alegria
orgullo,Alegria
orgullosamente,Alegria
orgulloso,Alegria
ovación,Alegria
ovacionar,Alegria
pacificar,Alegria
paladear,Alegria
palmas,Alegria
parranda,Alegria
pasión,Alegria
paz,Alegria
piadoso,Alegria
piedad,Alegria
placentero,Alegria
placer,Alegria
pleitesía,Alegria
preferencia,Alegria
prerrogativa,Alegria
preservar,Alegria
presumir,Alegria
prever,Alegria
privilegio,Alegria
probar,Alegria
profusión,Alegria
propiciar,Alegria
propicio,Alegria
próspero,Alegria
protectoramente,Alegria
proteger,Alegria
provecho,Alegria
provechoso,Alegria
providencial,Alegria
pujanza,Alegria
querer,Alegria
quietud,Alegria
quillotrar,Alegria
radiante,Alegria
ratificar,Alegria
realización,Alegria
realizar,Alegria
recoger,Alegria
recogimiento,Alegria
recomendar,Alegria
recompensa,Alegria
reconfortante,Alegria
reconfortar,Alegria
recrear,Alegria
refocilar,Alegria
regalo,Alegria
regocijadamente,Alegria
regocijar,Alegria
regocijo,Alegria
regodear,Alegria
regodeo,Alegria
reidor,Alegria
relamer,Alegria
reparación,Alegria
reproducir,Alegria
respetar,Alegria
respeto,Alegria
respetuoso,Alegria
resplandecer,Alegria
reverencia,Alegria
risa,Alegria
risueño,Alegria
romántico,Alegria
saber,Alegria
saborear,Alegria
saciar,Alegria
saciedad,Alegria
sandunga,Alegria
satisfacción,Alegria
satisfacer,Alegria
satisfacible,Alegria
satisfactoriamente,Alegria
satisfactorio,Alegria
satisfecho,Alegria
seducción,Alegria
seducir,Alegria
seductivo,Alegria
seguro,Alegria
selecto,Alegria
serenar,Alegria
sereno,Alegria
simpatía,Alegria
simpático,Alegria
simpatizar,Alegria
sincero,Alegria
soberbio,Alegria
sociable,Alegria
solaz,Alegria
solazar,Alegria
solidaridad,Alegria
sonriente,Alegria
sortilegio,Alegria
sosegar,Alegria
suave,Alegria
suavidad,Alegria
subyugar,Alegria
superabundancia,Alegria
superabundante,Alegria
suspender,Alegria
terneza,Alegria
ternura,Alegria
tesón,Alegria
tiernamente,Alegria
tierno,Alegria
tranquilizar,Alegria
tranquilo,Alegria
transportar,Alegria
tratable,Alegria
triunfador,Alegria
triunfal,Alegria
triunfalmente,Alegria
triunfante,Alegria
triunfantemente,Alegria
triunfar,Alegria
triunfo,Alegria
tuitivo,Alegria
ubérrimo,Alegria
ufanamente,Alegria
ufanía,Alegria
ufano,Alegria
ultimar,Alegria
unción,Alegria
unión,Alegria
útil,Alegria
valía,Alegria
valimiento,Alegria
valorar,Alegria
vehemencia,Alegria
vehemente,Alegria
vencedor,Alegria
veneración,Alegria
venerar,Alegria
ventajosamente,Alegria
ventajoso,Alegria
venturosamente,Alegria
venturoso,Alegria
victorear,Alegria
victoria,Alegria
victorioso,Alegria
vigor,Alegria
vítor,Alegria
vitorear,Alegria
vivaz,Alegria
viveza,Alegria
vivificar,Alegria
vivir,Alegria
abominable,Enojo
abominación,Enojo
abominar,Enojo
aborrecer,Enojo
aborrecible,Enojo
aborreciblemente,Enojo
aborrecimiento,Enojo
abusar,Enojo
acometedor,Enojo
acometer,Enojo
acometiente,Enojo
acometimiento,Enojo
acometividad,Enojo
acosar,Enojo
acribillar,Enojo
acrimonia,Enojo
acritud,Enojo
adversario,Enojo
aferrar,Enojo
afrenta,Enojo
agarrar,Enojo
agobiar,Enojo
agobio,Enojo
agravamiento,Enojo
agravante,Enojo
agravar,Enojo
agraviar,Enojo
agravio,Enojo
agresividad,Enojo
agresivo,Enojo
agresor,Enojo
agriado,Enojo
airadamente,Enojo
airamiento,Enojo
airar,Enojo
alevosía,Enojo
altivez,Enojo
altivo,Enojo
amargar,Enojo
amargo,Enojo
amargor,Enojo
amohinar,Enojo
amoscamiento,Enojo
animadversión,Enojo
ánimo,Enojo
animosidad,Enojo
antagónico,Enojo
antagonismo,Enojo
antipatía,Enojo
antipático,Enojo
apesadumbrar,Enojo
arrebatamiento,Enojo
arrebato,Enojo
arrojar,Enojo
asar,Enojo
asediar,Enojo
aspereza,Enojo
asurar,Enojo
atacar,Enojo
ataque,Enojo
atizar,Enojo
atormentar,Enojo
atosigar,Enojo
atrabiliario,Enojo
atrocidad,Enojo
atropellar,Enojo
atropello,Enojo
atroz,Enojo
atufar,Enojo
azuzar,Enojo
baquetear,Enojo
barbaridad,Enojo
batallar,Enojo
belicosidad,Enojo
belicoso,Enojo
beligerante,Enojo
berrinche,Enojo
bilis,Enojo
bochinche,Enojo
bravo,Enojo
bufar,Enojo
cabrear,Enojo
cargoso,Enojo
celos,Enojo
chalar,Enojo
chinche,Enojo
cinismo,Enojo
cizañar,Enojo
cocolía,Enojo
cólera,Enojo
coléricamente,Enojo
colérico,Enojo
concitar,Enojo
contrariar,Enojo
contrariedad,Enojo
convulsión,Enojo
coraje,Enojo
corajudo,Enojo
corroer,Enojo
crispar,Enojo
crucificar,Enojo
cuenta,Enojo
decepción,Enojo
decepcionar,Enojo
delicado,Enojo
demente,Enojo
demonio,Enojo
denigrar,Enojo
desaforo,Enojo
desagradable,Enojo
desagradar,Enojo
desagrado,Enojo
desairar,Enojo
desaire,Enojo
desaprobar,Enojo
desazón,Enojo
descaro,Enojo
descontentar,Enojo
descontento,Enojo
desdén,Enojo
desdeñar,Enojo
deseable,Enojo
desear,Enojo
desesperante,Enojo
desmán,Enojo
desorden,Enojo
despecho,Enojo
desplacer,Enojo
despreciar,Enojo
desprecio,Enojo
desquiciante,Enojo
desquiciar,Enojo
destemplar,Enojo
desvarío,Enojo
detestable,Enojo
detestablemente,Enojo
detestación,Enojo
detestar,Enojo
diantre,Enojo
discordia,Enojo
discrepancia,Enojo
disgustar,Enojo
disgusto,Enojo
displacer,Enojo
disputa,Enojo
doloso,Enojo
embestir,Enojo
embravecer,Enojo
emperrarse,Enojo
emponzoñar,Enojo
enajenación,Enojo
enajenar,Enojo
encabritar,Enojo
encalabrinar,Enojo
encocorar,Enojo
encolerizar,Enojo
enconar,Enojo
encono,Enojo
encorajinar,Enojo
endemoniar,Enojo
enemigo,Enojo
enemistad,Enojo
enemistoso,Enojo
enérgico,Enojo
enfadado,Enojo
enfadar,Enojo
enfado,Enojo
enfadoso,Enojo
enfierecido,Enojo
enfurecer,Enojo
enfurecimiento,Enojo
enfurruñamiento,Enojo
enganza,Enojo
engativamente,Enojo
engorro,Enojo
engorroso,Enojo
enloquecedor,Enojo
enloquecer,Enojo
enloquecimiento,Enojo
enojadizo,Enojo
enojado,Enojo
enojamiento,Enojo
enojar,Enojo
enojo,Enojo
enojosamente,Enojo
enojoso,Enojo
enrabiar,Enojo
enrabietar,Enojo
ensañamiento,Enojo
ensañar,Enojo
entuerto,Enojo
envenenar,Enojo
envidia,Enojo
envidioso,Enojo
escandalizar,Enojo
escándalo,Enojo
estafar,Enojo
estorbar,Enojo
estorbo,Enojo
estropear,Enojo
exabrupto,Enojo
exacerbación,Enojo
exacerbante,Enojo
exacerbar,Enojo
exagerar,Enojo
exasperación,Enojo
exasperante,Enojo
exasperar,Enojo
excandecencia,Enojo
exceso,Enojo
excitar,Enojo
execrar,Enojo
fastidiado,Enojo
fastidiante,Enojo
fastidiar,Enojo
fastidio,Enojo
fastidioso,Enojo
feo,Enojo
fiera,Enojo
fracaso,Enojo
frenético,Enojo
fruncir,Enojo
furia,Enojo
furibundamente,Enojo
furibundo,Enojo
furiosamente,Enojo
furioso,Enojo
furor,Enojo
fustigar,Enojo
genio,Enojo
grima,Enojo
gruñón,Enojo
guerra,Enojo
hartar,Enojo
hastiar,Enojo
hastioso,Enojo
hiel,Enojo
hostigador,Enojo
hostigar,Enojo
hostil,Enojo
hostilidad,Enojo
hostilizar,Enojo
humor,Enojo
impacientar,Enojo
importunar,Enojo
importuno,Enojo
improperio,Enojo
inaguantable,Enojo
incomodar,Enojo
incomodidad,Enojo
incontrol,Enojo
incordiar,Enojo
incordio,Enojo
indignación,Enojo
indignado,Enojo
indignante,Enojo
indignar,Enojo
infamar,Enojo
inicuo,Enojo
injuriar,Enojo
inquina,Enojo
insatisfecho,Enojo
insidia,Enojo
insultar,Enojo
insulto,Enojo
intratable,Enojo
ira,Enojo
iracundia,Enojo
iracundo,Enojo
irascible,Enojo
irritabilidad,Enojo
irritable,Enojo
irritación,Enojo
irritado,Enojo
irritante,Enojo
irritar,Enojo
jaqueca,Enojo
jorobar,Enojo
latoso,Enojo
loco,Enojo
lrascible,Enojo
majadero,Enojo
mal ,Enojo
maldición,Enojo
maldito,Enojo
malévolo,Enojo
malhumor,Enojo
malhumorado,Enojo
malicia,Enojo
maliciar,Enojo
malignidad,Enojo
maligno,Enojo
malo,Enojo
malpensado,Enojo
malquerencia,Enojo
malvadamente,Enojo
malvado,Enojo
manía,Enojo
martirio,Enojo
martirizar,Enojo
misoneísmo,Enojo
mohíno,Enojo
molestar,Enojo
molesto,Enojo
molestoso,Enojo
mortificar,Enojo
mosconear,Enojo
nervioso,Enojo
obstaculizar,Enojo
odiar,Enojo
odio,Enojo
ofensa,Enojo
ofensividad,Enojo
ofensivo,Enojo
ojeriza,Enojo
opresión,Enojo
pelea,Enojo
pendenciar,Enojo
pendenciero,Enojo
pernicioso,Enojo
perseguir,Enojo
pesado,Enojo
pestilente,Enojo
picar,Enojo
pique,Enojo
prender,Enojo
provocación,Enojo
provocar,Enojo
puchero,Enojo
pugna,Enojo
pugnante,Enojo
punzar,Enojo
quejar,Enojo
querellar,Enojo
quicio,Enojo
rabia,Enojo
rabiosamente,Enojo
rabioso,Enojo
regañadientes,Enojo
regaño,Enojo
rencilloso,Enojo
rencor,Enojo
rencorosamente,Enojo
rencoroso,Enojo
repudiar,Enojo
repugnancia,Enojo
repugnar,Enojo
resentido,Enojo
resentimiento,Enojo
resentir,Enojo
respingar,Enojo
resquemor,Enojo
retar,Enojo
revancha,Enojo
riña,Enojo
rivalidad,Enojo
saña,Enojo
sañoso,Enojo
suplicio,Enojo
tenso,Enojo
tirria,Enojo
torear,Enojo
tormento,Enojo
tropelía,Enojo
ultrajar,Enojo
ultraje,Enojo
vejación,Enojo
vejar,Enojo
venganza,Enojo
vengar,Enojo
vengativo,Enojo
vesania,Enojo
vesánico,Enojo
vilipendiar,Enojo
vilipendio,Enojo
vinagre,Enojo
violencia,Enojo
violento,Enojo
viperino,Enojo
vituperio,Enojo
voraz,Enojo
zaherir,Enojo
abominable,Miedo
accidente,Miedo
acobardar,Miedo
acomplejado,Miedo
acoquinamiento,Miedo
acoquinar,Miedo
agüero,Miedo
ahuyentar,Miedo
alarma,Miedo
alarmado,Miedo
alarmante,Miedo
alarmar,Miedo
alertar,Miedo
alma,Miedo
amedentrar,Miedo
amedrentador,Miedo
amedrentamiento,Miedo
amenazar,Miedo
amilanar,Miedo
angustia,Miedo
angustiado,Miedo
angustiosamente,Miedo
ansioso,Miedo
aprensión,Miedo
aprensivo,Miedo
araña ,Miedo
arredrar,Miedo
asesinar,Miedo
asustadizo,Miedo
asustar,Miedo
atemorizado,Miedo
atemorizante,Miedo
atemorizar,Miedo
atento,Miedo
aterrado,Miedo
aterrador,Miedo
aterradoramente,Miedo
aterrar,Miedo
aterrorizador,Miedo
aterrorizar,Miedo
atroz,Miedo
avergonzado,Miedo
avergonzar,Miedo
azoramiento,Miedo
azorar,Miedo
barbarie,Miedo
bruja,Miedo
brujo,Miedo
cadaver,Miedo
calaca,Miedo
calamidad,Miedo
calamitoso,Miedo
calofrío,Miedo
cohibición,Miedo
cohibidamente,Miedo
cohibir,Miedo
confuso,Miedo
conminar,Miedo
convulsión,Miedo
cortar,Miedo
cortedad,Miedo
cruento,Miedo
demonio,Miedo
desesperado,Miedo
desfallecer,Miedo
desfallecimiento,Miedo
desgracia,Miedo
desmayar,Miedo
desorientado,Miedo
despavorir,Miedo
despeluznante,Miedo
despeluznar,Miedo
despiadadamente,Miedo
despiadado,Miedo
diablo,Miedo
encoger,Miedo
enfriar,Miedo
escalofrío,Miedo
espantable,Miedo
espantadizo,Miedo
espantar,Miedo
espanto,Miedo
espantoso,Miedo
espeluznante,Miedo
espeluznar,Miedo
esperpento,Miedo
espiritu,Miedo
estremecer,Miedo
execrable,Miedo
exorcismo,Miedo
fantasma,Miedo
fealdad,Miedo
feo,Miedo
fobia,Miedo
frío,Miedo
friolero,Miedo
gallina,Miedo
hechizo,Miedo
helado,Miedo
helar,Miedo
histeria,Miedo
histéricamente,Miedo
histérico,Miedo
histerismo,Miedo
horrendamente,Miedo
horrendo,Miedo
horrible,Miedo
horriblemente,Miedo
hórrido,Miedo
horrificar,Miedo
horripilación,Miedo
horripilante,Miedo
horripilar,Miedo
horrísono,Miedo
horror,Miedo
horrorizado,Miedo
horrorizante,Miedo
horrorizar,Miedo
horrorosamente,Miedo
horroroso,Miedo
huidizo,Miedo
impotente,Miedo
incertidumbre,Miedo
indeciso,Miedo
inquietantemente,Miedo
inquietar,Miedo
inquieto,Miedo
insecto,Miedo
inseguro,Miedo
intimidación,Miedo
intimidar,Miedo
intrinquilo,Miedo
lengüicorto,Miedo
maldad,Miedo
maligno,Miedo
malo,Miedo
medrana,Miedo
medroso,Miedo
mieditis,Miedo
miedo,Miedo
miedo ,Miedo
miedoso,Miedo
monstruosamente,Miedo
monstruoso,Miedo
mortuorio,Miedo
mounstro,Miedo
muerte,Miedo
neblina,Miedo
niebla,Miedo
nublar,Miedo
ominar,Miedo
palidecer,Miedo
palido,Miedo
pánico,Miedo
panteón,Miedo
pávido,Miedo
pavor,Miedo
pavorosamente,Miedo
pavoroso,Miedo
pena,Miedo
penumbra,Miedo
poseído,Miedo
premonición,Miedo
preocupación,Miedo
preocupadamente,Miedo
preocupado,Miedo
pusilánime,Miedo
pusilanimidad,Miedo
rata,Miedo
recelo,Miedo
receloso,Miedo
rodeor,Miedo
sangre,Miedo
sangriento,Miedo
sanguinario,Miedo
satan,Miedo
secuestro,Miedo
sevicia,Miedo
sobrecoger,Miedo
sobrecogimiento,Miedo
sobresaltar,Miedo
sombra,Miedo
suspenso,Miedo
susto,Miedo
temblor,Miedo
temer,Miedo
temerosamente,Miedo
temeroso,Miedo
temible,Miedo
temor,Miedo
temorosamente,Miedo
tenso,Miedo
terremoto,Miedo
terrible,Miedo
terriblemente,Miedo
terror,Miedo
terrorífico,Miedo
tímidamente,Miedo
timidez,Miedo
tímido,Miedo
timorato,Miedo
tragedia,Miedo
tremebundo,Miedo
tremendo,Miedo
ultimatum,Miedo
ultratumba,Miedo
verecundia,Miedo
verecundio,Miedo
verecundo,Miedo
vergonzoso,Miedo
vitando,Miedo
abominablemente,Repulsion
abominar,Repulsion
aborrecer,Repulsion
aborrecible,Repulsion
aborrecimiento ,Repulsion
abusar,Repulsion
adversión ,Repulsion
alergia ,Repulsion
ampolla,Repulsion
animadversión ,Repulsion
animosidad ,Repulsion
antipatía ,Repulsion
antipático,Repulsion
apestar,Repulsion
apestoso,Repulsion
aprensión ,Repulsion
araña,Repulsion
asco ,Repulsion
asqueadamente,Repulsion
asquear,Repulsion
asquerosamente,Repulsion
asqueroso,Repulsion
astroso,Repulsion
aversión,Repulsion
basca,Repulsion
bascosidad,Repulsion
bascoso,Repulsion
basura,Repulsion
birria,Repulsion
borracho,Repulsion
caca,Repulsion
carroña,Repulsion
cicatriz,Repulsion
coágulo,Repulsion
cochino,Repulsion
cocolía ,Repulsion
contaminar,Repulsion
corromper,Repulsion
cortar,Repulsion
desagradable,Repulsion
desagradablemente,Repulsion
desagrado,Repulsion
desasosegar,Repulsion
descomposicón,Repulsion
deshonrar,Repulsion
desperdicio,Repulsion
detestable,Repulsion
detestablemente,Repulsion
detestación,Repulsion
diarrea,Repulsion
disgustar,Repulsion
disgusto,Repulsion
distanciamiento,Repulsion
empalagamiento,Repulsion
empalagar,Repulsion
empalagoso,Repulsion
emporcar,Repulsion
enfermedad,Repulsion
enfermizo,Repulsion
enfermo,Repulsion
ensuciar,Repulsion
envilecer,Repulsion
escrúpulo ,Repulsion
espanto,Repulsion
estiércol,Repulsion
excremento ,Repulsion
execrable,Repulsion
execrablemente,Repulsion
fastidiar,Repulsion
fastidio,Repulsion
fétido,Repulsion
fila ,Repulsion
fobia ,Repulsion
gases,Repulsion
gelatinoso,Repulsion
grima,Repulsion
guácala,Repulsion
gusano,Repulsion
harto,Repulsion
hastiar,Repulsion
hastío,Repulsion
hediondo,Repulsion
herida,Repulsion
hincha ,Repulsion
hinchado,Repulsion
hongos,Repulsion
horrendo,Repulsion
horrible,Repulsion
horripilación,Repulsion
horror,Repulsion
horroroso,Repulsion
hostil,Repulsion
impúdico,Repulsion
impuro,Repulsion
incasto,Repulsion
indecente,Repulsion
indecoroso,Repulsion
indisponer,Repulsion
infame,Repulsion
infección,Repulsion
infecto,Repulsion
infrahumano,Repulsion
inframundo,Repulsion
injuriante,Repulsion
injuriar,Repulsion
injurioso,Repulsion
inmoral,Repulsion
inmundo,Repulsion
inquina ,Repulsion
insubordinar,Repulsion
insultante,Repulsion
insulto,Repulsion
insurrección,Repulsion
insurreccionar,Repulsion
intranquilo,Repulsion
lepra,Repulsion
licencioso,Repulsion
mal,Repulsion
malasangre,Repulsion
malquerencia ,Repulsion
malvado,Repulsion
mancha,Repulsion
manía,Repulsion
marrano,Repulsion
mefítico,Repulsion
moco,Repulsion
mórbido,Repulsion
morboso,Repulsion
mosca,Repulsion
mugre,Repulsion
náusea,Repulsion
nauseabundamente,Repulsion
nauseabundo,Repulsion
nausear,Repulsion
náuseas,Repulsion
nefasto,Repulsion
obsceno,Repulsion
odio ,Repulsion
odiosamente,Repulsion
odioso,Repulsion
ofender,Repulsion
ofensivo,Repulsion
ojeriza ,Repulsion
oponer,Repulsion
orina,Repulsion
patológico,Repulsion
pecaminoso,Repulsion
pedo ,Repulsion
pérfido,Repulsion
perinquina ,Repulsion
perverso,Repulsion
pervertir,Repulsion
pésimo,Repulsion
peste,Repulsion
pestilente,Repulsion
podrido,Repulsion
podrir,Repulsion
popo,Repulsion
pornográfico,Repulsion
procaz,Repulsion
protervo,Repulsion
puaf,Repulsion
puercamente,Repulsion
puerco,Repulsion
pus,Repulsion
putrefacción,Repulsion
putrefacción,Repulsion
putrido ,Repulsion
rabia,Repulsion
rastrero,Repulsion
rata,Repulsion
rechazamiento,Repulsion
rechazar,Repulsion
rechazo,Repulsion
reherir,Repulsion
rencor ,Repulsion
repeler,Repulsion
repelo ,Repulsion
repudiable,Repulsion
repudiar,Repulsion
repudio,Repulsion
repugnadamente,Repulsion
repugnancia ,Repulsion
repugnante,Repulsion
repugnantemente,Repulsion
repugnar,Repulsion
repulsar,Repulsion
repulsión ,Repulsion
repulsivamente,Repulsion
repulsivo,Repulsion
rufián,Repulsion
ruin,Repulsion
sangre,Repulsion
sangriento,Repulsion
secreción,Repulsion
sórdido,Repulsion
submundo,Repulsion
sucio,Repulsion
tirria ,Repulsion
tripas,Repulsion
ultrajante,Repulsion
usgo,Repulsion
vejar,Repulsion
vil,Repulsion
víscera,Repulsion
viscoso,Repulsion
vomito,Repulsion
zaherir,Repulsion
zahiriente,Repulsion
abierto,Sorpresa
abobamiento,Sorpresa
abobar,Sorpresa
acertijo,Sorpresa
acojonante,Sorpresa
adivinanza,Sorpresa
admirable,Sorpresa
admirablemente,Sorpresa
admiracion,Sorpresa
admiración,Sorpresa
admirar,Sorpresa
agenciar,Sorpresa
alcanzar,Sorpresa
alelamiento,Sorpresa
alelar,Sorpresa
anonadamiento,Sorpresa
anonadar,Sorpresa
apoteósico,Sorpresa
arrocinar,Sorpresa
asombramiento,Sorpresa
asombrar,Sorpresa
asombro,Sorpresa
asombrosamente,Sorpresa
asombroso,Sorpresa
atarantar,Sorpresa
atolondrar,Sorpresa
atónito,Sorpresa
atontamiento,Sorpresa
atontar,Sorpresa
atrapar,Sorpresa
atronar,Sorpresa
aturdimiento,Sorpresa
aturdir,Sorpresa
aturrullar,Sorpresa
aturullar,Sorpresa
batir,Sorpresa
bizco,Sorpresa
bobalicón,Sorpresa
bobo,Sorpresa
bombo,Sorpresa
boquiabierto,Sorpresa
bruto,Sorpresa
chasco,Sorpresa
coger,Sorpresa
confundir,Sorpresa
confusión,Sorpresa
conmoción,Sorpresa
conmocionar,Sorpresa
conseguir,Sorpresa
consternación,Sorpresa
consternar,Sorpresa
conturbar,Sorpresa
descomunalmente,Sorpresa
desconcertar,Sorpresa
desconcierto,Sorpresa
descuidar,Sorpresa
deslumbramiento,Sorpresa
deslumbrantemente,Sorpresa
deslumbrar,Sorpresa
desmayar,Sorpresa
desmayo,Sorpresa
despampanante,Sorpresa
despistar,Sorpresa
desprevenido,Sorpresa
distraído,Sorpresa
embobamiento,Sorpresa
embobar,Sorpresa
embobecer,Sorpresa
embrutecer,Sorpresa
encandilar,Sorpresa
enigma,Sorpresa
enmudecer,Sorpresa
entontecer,Sorpresa
entontecimiento,Sorpresa
espantar,Sorpresa
espanto,Sorpresa
estólido,Sorpresa
estrellas,Sorpresa
estruendo,Sorpresa
estupefacción,Sorpresa
estupefacto,Sorpresa
estupendamente,Sorpresa
estupendo,Sorpresa
estúpido,Sorpresa
estupor,Sorpresa
exclamación,Sorpresa
extrañar,Sorpresa
extrañeza,Sorpresa
extraordinario,Sorpresa
fabuloso,Sorpresa
fantásticamente,Sorpresa
fantástico,Sorpresa
fascinacion,Sorpresa
fascinante,Sorpresa
frustrar,Sorpresa
golpe,Sorpresa
grandioso,Sorpresa
gritar,Sorpresa
grito,Sorpresa
horrible,Sorpresa
idiotizar,Sorpresa
imbécil,Sorpresa
impactar,Sorpresa
impresión,Sorpresa
impresionante,Sorpresa
impresionar,Sorpresa
inaudito,Sorpresa
increible,Sorpresa
increíblemente,Sorpresa
inepto,Sorpresa
interrogante,Sorpresa
interrogar,Sorpresa
intrigar,Sorpresa
lelo,Sorpresa
llegar,Sorpresa
llevar,Sorpresa
macanudo,Sorpresa
maravilla,Sorpresa
maravillar,Sorpresa
maravillosamente,Sorpresa
maravilloso,Sorpresa
miedo,Sorpresa
milagro,Sorpresa
mirífico,Sorpresa
misterio,Sorpresa
mistificar,Sorpresa
mudo,Sorpresa
nefando,Sorpresa
noqueado,Sorpresa
noquear,Sorpresa
obtuso,Sorpresa
ofuscar,Sorpresa
pasmar,Sorpresa
pasmo,Sorpresa
pasmosamente,Sorpresa
pasmoso,Sorpresa
perplejidad,Sorpresa
perplejo,Sorpresa
portento,Sorpresa
portentosamente,Sorpresa
portentoso,Sorpresa
preguntar,Sorpresa
prodigiosamente,Sorpresa
prodigiosidad,Sorpresa
prodigioso,Sorpresa
quedar,Sorpresa
quimérico,Sorpresa
quisicosa,Sorpresa
recibir,Sorpresa
repente,Sorpresa
repentino,Sorpresa
rompecabezas,Sorpresa
shock,Sorpresa
shoqueado,Sorpresa
sobrecoger,Sorpresa
sobrecogimiento,Sorpresa
sobresalto,Sorpresa
sonso,Sorpresa
sorprendente,Sorpresa
sorprendentemente,Sorpresa
sorprender,Sorpresa
sorpresa,Sorpresa
sorpresivamente,Sorpresa
sorpresivo,Sorpresa
subito,Sorpresa
suspenso,Sorpresa
susto,Sorpresa
tambaleante,Sorpresa
tambalear,Sorpresa
titubeante,Sorpresa
titubear,Sorpresa
traspiés,Sorpresa
tremendo,Sorpresa
zonzo,Sorpresa
zopenco,Sorpresa
abajamiento,Tristeza
abajo ,Tristeza
abandonamiento,Tristeza
abandonar,Tristeza
abatidamente,Tristeza
abatido,Tristeza
abatimiento,Tristeza
abatir,Tristeza
abochornar,Tristeza
abrumar ,Tristeza
aburrir,Tristeza
aciago,Tristeza
acongojar,Tristeza
acuitadamente,Tristeza
acuitar,Tristeza
adolecer,Tristeza
adverso,Tristeza
aflicción,Tristeza
afligidamente,Tristeza
afligido,Tristeza
afligir,Tristeza
agobiado,Tristeza
agobiante,Tristeza
agobiantemente,Tristeza
agobiar,Tristeza
agraviar,Tristeza
aguantar,Tristeza
aherrojar,Tristeza
ahogo,Tristeza
alicaído,Tristeza
aliquebrado,Tristeza
alma,Tristeza
amargo,Tristeza
amargura,Tristeza
amurriar,Tristeza
angustia,Tristeza
angustiadamente,Tristeza
angustiar,Tristeza
angustioso,Tristeza
aniquilar ,Tristeza
añicos,Tristeza
apabullar ,Tristeza
apenar,Tristeza
apiadarse,Tristeza
aplanar ,Tristeza
aplastar,Tristeza
aquejar,Tristeza
arrastradamente,Tristeza
arrastrar,Tristeza
arrepentimiento,Tristeza
arrepentir,Tristeza
asolar,Tristeza
atormentadamente,Tristeza
atormentar,Tristeza
atribular,Tristeza
atrición,Tristeza
avergonzar,Tristeza
bajo,Tristeza
cabizbajo,Tristeza
cabizcaído,Tristeza
caer,Tristeza
caerse,Tristeza
caída,Tristeza
caído,Tristeza
calvario,Tristeza
cancamurria,Tristeza
carcel,Tristeza
carecer,Tristeza
cargar,Tristeza
castigo,Tristeza
cetrino,Tristeza
compadecer,Tristeza
compasión,Tristeza
compasivo,Tristeza
compunción,Tristeza
compungidamente,Tristeza
compungir,Tristeza
condolencia,Tristeza
condoler,Tristeza
confuso,Tristeza
congoja,Tristeza
congojoso,Tristeza
consternación,Tristeza
contrición,Tristeza
contristar,Tristeza
contrito,Tristeza
crisis,Tristeza
cuita,Tristeza
cuitado,Tristeza
culpa,Tristeza
culpabilidad,Tristeza
culpable,Tristeza
culpado,Tristeza
culposo,Tristeza
dañino,Tristeza
debilitar ,Tristeza
decaer,Tristeza
decaído,Tristeza
decaimiento,Tristeza
decepción,Tristeza
decepcionar,Tristeza
defectuoso,Tristeza
deficiente,Tristeza
dejarse,Tristeza
dejazón,Tristeza
deplorable,Tristeza
deplorablemente,Tristeza
deplorar,Tristeza
depresión,Tristeza
depresivo,Tristeza
deprimente,Tristeza
deprimir,Tristeza
derribado,Tristeza
derribar,Tristeza
derrota,Tristeza
desafortunado,Tristeza
desalentadamente,Tristeza
desalentar,Tristeza
desaliento,Tristeza
desalojar,Tristeza
desamparar,Tristeza
desamparo,Tristeza
desanimado,Tristeza
desanimar,Tristeza
desánimo,Tristeza
desaquellar ,Tristeza
desarrapado,Tristeza
desastrado,Tristeza
desazón,Tristeza
desazonar,Tristeza
descaecimiento,Tristeza
descomponer,Tristeza
desconsolado,Tristeza
desconsolador,Tristeza
desconsolar,Tristeza
desconsuelo,Tristeza
descontento,Tristeza
descorazonamiento,Tristeza
descorazonar ,Tristeza
descuajar,Tristeza
desdicha,Tristeza
desdichado,Tristeza
desengaño,Tristeza
desesperación,Tristeza
desesperadamente,Tristeza
desesperanza,Tristeza
desesperanzar,Tristeza
desesperar,Tristeza
desestimar,Tristeza
desestimular,Tristeza
desfallecer,Tristeza
desfallecimiento,Tristeza
desgarrador,Tristeza
desgarro,Tristeza
desgastar,Tristeza
desgracia,Tristeza
desgraciar,Tristeza
deshecho,Tristeza
deshincharse,Tristeza
deshonrar,Tristeza
desierto,Tristeza
desinflar ,Tristeza
deslucir,Tristeza
desmadejado,Tristeza
desmalazado,Tristeza
desmayadamente,Tristeza
desmayado,Tristeza
desmayar,Tristeza
desmedrar,Tristeza
desmoralización,Tristeza
desmoralizador,Tristeza
desmoralizante,Tristeza
desmoralizar,Tristeza
desmotivar,Tristeza
desolación,Tristeza
desolar,Tristeza
despojar,Tristeza
desposeer,Tristeza
desprivar,Tristeza
desprotección,Tristeza
desprotegido,Tristeza
destartalado,Tristeza
destrozo,Tristeza
desventura,Tristeza
desventurado,Tristeza
devastar,Tristeza
doler,Tristeza
doliente,Tristeza
dolor,Tristeza
dolorido,Tristeza
doloroso,Tristeza
duelo,Tristeza
echar,Tristeza
encoger ,Tristeza
encuitar,Tristeza
enervar ,Tristeza
enfermedad,Tristeza
enflaquecer,Tristeza
enlutar,Tristeza
ensombrecer,Tristeza
entristecedor,Tristeza
entristecer,Tristeza
entristecimiento,Tristeza
escarmentar,Tristeza
escasez,Tristeza
escaso,Tristeza
esplín,Tristeza
estragar,Tristeza
flaquear,Tristeza
flaqueza,Tristeza
flébil,Tristeza
frío,Tristeza
frustación,Tristeza
fúnebre,Tristeza
fúnebremente,Tristeza
funeral,Tristeza
funerario,Tristeza
funesto,Tristeza
grave,Tristeza
gris,Tristeza
hambre,Tristeza
huérfano,Tristeza
humilde,Tristeza
humillar,Tristeza
hundido,Tristeza
hundir,Tristeza
hundírsele,Tristeza
imperfecto,Tristeza
impotencia,Tristeza
impotente,Tristeza
inconforme,Tristeza
inconformidad,Tristeza
inconsolable,Tristeza
indigente,Tristeza
infausto,Tristeza
infectar,Tristeza
infedelidad,Tristeza
infelicidad,Tristeza
infeliz,Tristeza
inferior,Tristeza
infortunado,Tristeza
infortunio,Tristeza
inhabitado,Tristeza
injusticia,Tristeza
inmoral,Tristeza
innoble,Tristeza
inquietud,Tristeza
insatisfacción,Tristeza
insatisfecho,Tristeza
lacerar,Tristeza
laceria,Tristeza
lacrimoso,Tristeza
lágrima,Tristeza
lagrimar,Tristeza
lágrimas,Tristeza
lagrimear,Tristeza
lagrimoso,Tristeza
laido,Tristeza
lamentable,Tristeza
lamentablemente,Tristeza
lamentar,Tristeza
lamento,Tristeza
lamentoso,Tristeza
lánguidamente,Tristeza
lánguido,Tristeza
larga,Tristeza
lastima,Tristeza
lastimeramente,Tristeza
lastimero,Tristeza
lastimoso,Tristeza
llanto,Tristeza
llorar,Tristeza
llorón,Tristeza
lloroso,Tristeza
lóbregamente,Tristeza
lóbrego,Tristeza
luctuosamente,Tristeza
luctuoso,Tristeza
lúgubre,Tristeza
lugubres,Tristeza
luto,Tristeza
lutoso,Tristeza
macabro,Tristeza
mal,Tristeza
malandante,Tristeza
malaventurado,Tristeza
malcontento,Tristeza
maldito,Tristeza
malhadado,Tristeza
malhumorar,Tristeza
malo,Tristeza
maltrecho,Tristeza
melancolía,Tristeza
melancólicamente,Tristeza
melancólico,Tristeza
menesteroso,Tristeza
menguante,Tristeza
mezquinamente,Tristeza
mezquindad,Tristeza
miserable,Tristeza
miserablemente,Tristeza
míseramente,Tristeza
miseria,Tristeza
mísero,Tristeza
misérrimamente,Tristeza
molestar,Tristeza
morriña,Tristeza
muerte,Tristeza
muerto,Tristeza
mustiamente,Tristeza
mustio,Tristeza
necesitado,Tristeza
nefasto,Tristeza
negro,Tristeza
nocturno,Tristeza
nostálgico,Tristeza
obscuridad,Tristeza
obscuro,Tristeza
onerosamente,Tristeza
opacidad,Tristeza
opresión,Tristeza
opresivamente,Tristeza
opresivo,Tristeza
oprimente,Tristeza
oprimir,Tristeza
oscuramente,Tristeza
oscurecer,Tristeza
oscuridad,Tristeza
oscuro,Tristeza
padecer,Tristeza
padecimiento,Tristeza
panteón,Tristeza
partir,Tristeza
patético,Tristeza
paupérrimamente,Tristeza
paupérrimo,Tristeza
pena,Tristeza
penalidad,Tristeza
penar,Tristeza
penitencia,Tristeza
penitente,Tristeza
penosamente,Tristeza
penoso,Tristeza
penumbra,Tristeza
perder,Tristeza
pérdida,Tristeza
perseguir,Tristeza
perverso,Tristeza
pesadumbre,Tristeza
pesar,Tristeza
pesaroso,Tristeza
pesimismo,Tristeza
pisotear,Tristeza
pobre,Tristeza
pobremente,Tristeza
pobrete,Tristeza
pobreto,Tristeza
pobreza,Tristeza
podrir,Tristeza
preocupar,Tristeza
presionar,Tristeza
privar,Tristeza
quebranto,Tristeza
reducir,Tristeza
remordimiento,Tristeza
ruina,Tristeza
serio,Tristeza
soledad,Tristeza
solitario,Tristeza
sollozar,Tristeza
solo,Tristeza
sombrío,Tristeza
sufrimiento,Tristeza
sufrir,Tristeza
sumisamente,Tristeza
taciturnidad,Tristeza
taciturno,Tristeza
temor,Tristeza
tenebrosamente,Tristeza
tenebrosidad,Tristeza
tenebroso,Tristeza
tétrico,Tristeza
tormento,Tristeza
triste,Tristeza
tristemente,Tristeza
tristeza,Tristeza
trizas,Tristeza
vejación,Tristeza
vejar,Tristeza
vergonzoso,Tristeza
zangarriana ,Tristeza
